ncrb_state_raw,ncrb_district_raw,canonical_state,canonical_district,state_code,district_code_pc11
UTTAR PRADESH,Mau,UTTAR PRADESH,MAU,9,192.0
MADHYA PRADESH,Bhopal Railway,MADHYA PRADESH,BHOPAL,23,444.0
MADHYA PRADESH,NIWAR,MADHYA PRADESH,TIKAMGARH,23,424.0
UTTAR PRADESH,Amroha,UTTAR PRADESH,AMROHA,9,137.0
KARNATAKA,Haveri,KARNATAKA,HAVERI,29,564.0
MAHARASHTRA,Nagpur Commr.,MAHARASHTRA,NAGPUR,27,505.0
MAHARASHTRA,Aurangabad Rural,MAHARASHTRA,AURANGABAD,27,515.0
UTTAR PRADESH,Hardoi,UTTAR PRADESH,HARDOI,9,155.0
CHHATTISGARH,Rajnandgaon,CHHATTISGARH,RAJNANDGAON,22,408.0
MANIPUR,Pherzawl,MANIPUR,CHURACHANDPUR,14,274.0
RAJASTHAN,Kota Rural,RAJASTHAN,KOTA,8,127.0
Telangana,Hyderabad Commissionerate,Telangana,HYDERABAD CITY,28,536.0
HARYANA,Ambala (Urban),HARYANA,AMBALA,6,70.0
TAMIL NADU,Krishnagiri,TAMIL NADU,DHARMAPURI,33,630.0
MEGHALAYA,Khasi Hills South West,MEGHALAYA,KHASI HILLS WEST,17,296.0
ARUNACHAL PRADESH,Anjaw,ARUNACHAL PRADESH,LOHIT,12,259.0
MAHARASHTRA,Ratnagiri,MAHARASHTRA,RATNAGIRI,27,528.0
JAMMU & KASHMIR,Jammu,JAMMU & KASHMIR,JAMMU,1,21.0
ODISHA,Ganjam,ODISHA,GANJAM,21,388.0
WEST BENGAL,Purba Bardhaman,WEST BENGAL,BURDWAN,19,335.0
RAJASTHAN,JAIPUR RURAL,RAJASTHAN,JAIPUR,8,110.0
DELHI UT,New Delhi,DELHI UT,NEW DELHI,7,94.0
WEST BENGAL,Sundarban Police,WEST BENGAL,24 PARGANAS SOUTH,19,343.0
CHHATTISGARH,Kabirdham,CHHATTISGARH,KAWARDHA,22,407.0
WEST BENGAL,Darjeeling,WEST BENGAL,DARJEELING,19,327.0
ASSAM,Dhemaji,ASSAM,DHEMAJI,18,308.0
ANDHRA PRADESH,Krishna,ANDHRA PRADESH,KRISHNA,28,547.0
BIHAR,Nalanda,BIHAR,NALANDA,10,229.0
JAMMU & KASHMIR,Railways Jammu,JAMMU & KASHMIR,JAMMU,1,21.0
TAMIL NADU,Kanyakumari,TAMIL NADU,KANYAKUMARI,33,629.0
CHHATTISGARH,Kondagaon,CHHATTISGARH,BASTAR,22,414.0
MAHARASHTRA,Latur,MAHARASHTRA,LATUR,27,524.0
PUNJAB,Kapurthala,PUNJAB,KAPURTHALA,3,36.0
UTTARAKHAND,Chamoli,UTTARAKHAND,CHAMOLI,5,57.0
DELHI UT,Central,DELHI UT,CENTRAL,7,95.0
UTTARAKHAND,Nainital,UTTARAKHAND,NAINITAL,5,66.0
RAJASTHAN,PRATAPGARH,RAJASTHAN,CHITTORGARH,8,126.0
RAJASTHAN,Churu,RAJASTHAN,CHURU,8,102.0
KERALA,ERNAKULAM COMMR.,KERALA,ERNAKULAM,32,595.0
ASSAM,South Salmara,ASSAM,DHUBRI,18,301.0
MAHARASHTRA,Nagpur Rural,MAHARASHTRA,NAGPUR,27,505.0
GUJARAT,Valsad,GUJARAT,VALSAD,24,491.0
BIHAR,Banka,BIHAR,BANKA,10,225.0
KARNATAKA,Chamarajnagar,KARNATAKA,CHAMARAJNAGAR,29,578.0
NAGALAND,Dimapur,NAGALAND,DIMAPUR,13,265.0
MAHARASHTRA,THANE RURAL,MAHARASHTRA,THANE,27,517.0
KARNATAKA,Yadgiri,KARNATAKA,GULBARGA,29,579.0
BIHAR,Madhepura,BIHAR,MADHEPURA,10,213.0
UTTAR PRADESH,Rampur,UTTAR PRADESH,RAMPUR,9,136.0
Telangana,Nizamabad,Telangana,NIZAMABAD,28,533.0
MANIPUR,Imphal East,MANIPUR,IMPHAL EAST,14,278.0
CHHATTISGARH,Jashpur,CHHATTISGARH,JASHPUR,22,402.0
TAMIL NADU,Coimbatore,TAMIL NADU,COIMBATORE,33,632.0
NAGALAND,Kiphire,NAGALAND,KIPHIRE,13,269.0
NAGALAND,LONGLENG,NAGALAND,TUENSANG,13,267.0
KERALA,Palakkad,KERALA,PALAKKAD,32,593.0
HIMACHAL PRADESH,Chamba,HIMACHAL PRADESH,CHAMBA,2,23.0
ODISHA,Balasore,ODISHA,BALASORE,21,377.0
MADHYA PRADESH,ASHOK NAGAR,MADHYA PRADESH,GUNA,23,458.0
Telangana,Medak,Telangana,MEDAK,28,535.0
UTTAR PRADESH,KANSHIRAM NAGAR,UTTAR PRADESH,ETAH,9,201.0
HARYANA,Kaithal,HARYANA,KAITHAL,6,73.0
BIHAR,Saran,BIHAR,SARAN,10,219.0
DELHI UT,North-West,DELHI UT,NORTH WEST,7,90.0
ARUNACHAL PRADESH,Subansiri Upper,ARUNACHAL PRADESH,SUBANSIRI UPPER,12,249.0
MADHYA PRADESH,INDORE RLY.,MADHYA PRADESH,INDORE RLY.,23,439.0
TAMIL NADU,MADURAI URBAN,TAMIL NADU,MADURAI,33,623.0
NAGALAND,Tuensang,NAGALAND,TUENSANG,13,267.0
TAMIL NADU,SALEM RURAL,TAMIL NADU,SALEM,33,608.0
MANIPUR,Tengnoupal,MANIPUR,CHANDEL,14,280.0
MIZORAM,Aizawl,MIZORAM,AIZAWL,15,283.0
BIHAR,Patna,BIHAR,PATNA,10,230.0
ODISHA,Angul,ODISHA,ANGUL,21,384.0
ANDHRA PRADESH,Guntur Urban,ANDHRA PRADESH,GUNTUR URBAN,28,548.0
WEST BENGAL,Burdwan,WEST BENGAL,BURDWAN,19,335.0
ASSAM,Lakhimpur,ASSAM,LAKHIMPUR,18,307.0
UTTARAKHAND,Pauri Garhwal,UTTARAKHAND,PAURI GARHWAL,5,61.0
ARUNACHAL PRADESH,Lohit,ARUNACHAL PRADESH,LOHIT,12,259.0
ODISHA,Dhenkanal,ODISHA,DHENKANAL,21,383.0
RAJASTHAN,Jaipur South,RAJASTHAN,JAIPUR,8,110.0
JHARKHAND,Garhwa,JHARKHAND,GARHWA,20,346.0
KERALA,Wayanadu,KERALA,WAYANADU,32,590.0
MADHYA PRADESH,ALIRAJPUR,MADHYA PRADESH,JHABUA,23,464.0
KERALA,Kozhikode Commr.,KERALA,KOZHIKODE,32,591.0
MAHARASHTRA,AURANGABAD COMMR.,MAHARASHTRA,AURANGABAD,27,515.0
RAJASTHAN,KOTA CITY,RAJASTHAN,KOTA,8,127.0
SIKKIM,North,SIKKIM,NORTH,11,241.0
UTTAR PRADESH,Ghaziabad,UTTAR PRADESH,GHAZIABAD,9,140.0
KARNATAKA,MYSORE COMMR.,KARNATAKA,MYSORE,29,577.0
JAMMU & KASHMIR,BANDIPORA,JAMMU & KASHMIR,BARAMULLA,1,8.0
PUNJAB,Amritsar Rural,PUNJAB,AMRITSAR,3,49.0
CHHATTISGARH,Balrampur,CHHATTISGARH,SARGUJA,22,401.0
CHHATTISGARH,Janjgir,CHHATTISGARH,JANJGIR,22,405.0
Telangana,Warangal Commissionerate,Telangana,WARANGAL,28,540.0
MADHYA PRADESH,Jabalpur Railway,MADHYA PRADESH,JABALPUR,23,451.0
Telangana,Rajanna Siricilla,Telangana,KARIMNAGAR,28,534.0
TAMIL NADU,Railway Chennai,TAMIL NADU,CHENNAI,33,603.0
KARNATAKA,Raichur,KARNATAKA,RAICHUR,29,559.0
KARNATAKA,Uttara Kannada,KARNATAKA,UTTAR KANNADA,29,563.0
JAMMU & KASHMIR,Railways Katra,JAMMU & KASHMIR,RAILWAYS KATRA,1,20.0
DELHI UT,South,DELHI UT,SOUTH,7,98.0
GUJARAT,AHMEDABAD COMMR.,GUJARAT,AHMEDABAD,24,474.0
MAHARASHTRA,Thane Commr.,MAHARASHTRA,THANE,27,517.0
HARYANA,Jhajjar,HARYANA,JHAJJAR,6,83.0
ANDHRA PRADESH,Srikakulam,ANDHRA PRADESH,SRIKAKULAM,28,542.0
TAMIL NADU,Thiruvallur,TAMIL NADU,THIRUVALLUR,33,602.0
Telangana,Bhadradri Kothagudem,Telangana,KHAMMAM,28,541.0
UTTAR PRADESH,Gonda,UTTAR PRADESH,GONDA,9,183.0
GUJARAT,W.Rly Vadodara,GUJARAT,VADODARA,24,486.0
CHHATTISGARH,Narayanpur,CHHATTISGARH,BASTAR,22,414.0
MADHYA PRADESH,Datia,MADHYA PRADESH,DATIYA,23,422.0
UTTAR PRADESH,Sitapur,UTTAR PRADESH,SITAPUR,9,154.0
D & N HAVELI,D and N HAVELI,D & N HAVELI,D & N HAVELI,26,496.0
JHARKHAND,Dhanbad,JHARKHAND,DHANBAD,20,354.0
ASSAM,Hojai,ASSAM,NAGAON,18,305.0
GUJARAT,KUTCH (WEST-BHUJ),GUJARAT,KUTCH,24,468.0
MAHARASHTRA,AMRAVATI COMMR.,MAHARASHTRA,AMRAVATI,27,503.0
CHHATTISGARH,JAGDALPUR,CHHATTISGARH,BASTAR,22,414.0
ANDHRA PRADESH,Visakha Rural,ANDHRA PRADESH,VISAKHAPATNAM,28,544.0
RAJASTHAN,Udaipur,RAJASTHAN,UDAIPUR,8,130.0
MADHYA PRADESH,Morena,MADHYA PRADESH,MORENA,23,419.0
KERALA,Kasargod,KERALA,KASARGOD,32,588.0
ASSAM,Hamren,ASSAM,KARBI ANGLONG,18,314.0
BIHAR,Arwal,BIHAR,ARWAL,10,240.0
ASSAM,Kamrup,ASSAM,KAMRUP,18,321.0
ASSAM,Nalbari,ASSAM,NALBARI,18,323.0
PUNJAB,AMRITSAR RURAL,PUNJAB,AMRITSAR,3,49.0
UTTAR PRADESH,SHAMLI,UTTAR PRADESH,MUZAFFARNAGAR,9,133.0
CHANDIGARH,Chandigarh,CHANDIGARH,CHANDIGARH,4,55.0
ANDHRA PRADESH,Rajahmundry,ANDHRA PRADESH,RAJAHMUNDRY,28,545.0
JHARKHAND,Chaibasa,JHARKHAND,CHAIBASA,20,368.0
UTTAR PRADESH,Ghazipur,UTTAR PRADESH,GHAZIPUR,9,195.0
ANDAMAN & NICOBAR ISLANDS,NORTH,ANDAMAN & NICOBAR ISLANDS,ANDAMAN,35,640.0
ASSAM,CHIRANG,ASSAM,BONGAIGAON,18,319.0
BIHAR,Patna Railway,BIHAR,PATNA,10,230.0
Telangana,Kumaram Bheem Asifabad,Telangana,ADILABAD,28,532.0
GUJARAT,Morbi,GUJARAT,RAJKOT,24,476.0
BIHAR,BAGAHA,BIHAR,Pashchim Champaran,10,203.0
TRIPURA,SIPAHIJALA,TRIPURA,WEST,16,289.0
Telangana,Warangal Urban,Telangana,WARANGAL,28,540.0
GUJARAT,Anand,GUJARAT,ANAND,24,482.0
ANDHRA PRADESH,VISAKHA RURAL,ANDHRA PRADESH,VISAKHAPATNAM,28,544.0
NAGALAND,Peren,NAGALAND,PEREN,13,271.0
PUNJAB,Bathinda,PUNJAB,BHATINDA,3,46.0
ANDHRA PRADESH,Vijayawada Railway,ANDHRA PRADESH,VIJAYAWADA,28,547.0
RAJASTHAN,Jaisalmer,RAJASTHAN,JAISALMER,8,114.0
PUDUCHERRY,PONDICHERRY,PUDUCHERRY,PUDUCHERRY,34,635.0
DELHI UT,North-East,DELHI UT,NORTH EAST,7,92.0
JAMMU & KASHMIR,Handwara,JAMMU & KASHMIR,HANDWARA,1,1.0
TAMIL NADU,THIRUNELVELI URBAN,TAMIL NADU,THIRUNELVELI,33,628.0
MAHARASHTRA,Wardha,MAHARASHTRA,WARDHA,27,504.0
PUNJAB,CP Ludhiana,PUNJAB,LUDHIANA,3,41.0
KARNATAKA,Udupi,KARNATAKA,UDUPI,29,569.0
KARNATAKA,MYSORE RURAL,KARNATAKA,MYSORE,29,577.0
ODISHA,Kandhamal,ODISHA,KANDHAMAL,21,390.0
ODISHA,Jajpur,ODISHA,JAJPUR,21,382.0
MAHARASHTRA,Nandurbar,MAHARASHTRA,NANDURBAR,27,497.0
MAHARASHTRA,Buldhana,MAHARASHTRA,BULDHANA,27,500.0
RAJASTHAN,Jodhpur East,RAJASTHAN,JODHPUR,8,113.0
KARNATAKA,Koppal,KARNATAKA,KOPPAL,29,560.0
MADHYA PRADESH,Neemuch,MADHYA PRADESH,NEEMUCH,23,432.0
ANDAMAN & NICOBAR ISLANDS,Nicobar,ANDAMAN & NICOBAR ISLANDS,NICOBAR,35,638.0
GUJARAT,Amreli,GUJARAT,AMRELI,24,480.0
KARNATAKA,DHARWAD RURAL,KARNATAKA,DHARWAD,29,562.0
MAHARASHTRA,Mumbai Railway,MAHARASHTRA,MUMBAI,27,519.0
CHHATTISGARH,Surajpur,CHHATTISGARH,SARGUJA,22,401.0
BIHAR,Naugachia,BIHAR,NAUGACHIA,10,224.0
MEGHALAYA,JAINTIA HILLS EAST,MEGHALAYA,JAINTIA HILLS,17,299.0
BIHAR,Bettiah,BIHAR,Pashchim Champaran,10,203.0
WEST BENGAL,Kalimpong,WEST BENGAL,DARJEELING,19,327.0
MAHARASHTRA,Amravati Rural,MAHARASHTRA,AMRAVATI,27,503.0
HIMACHAL PRADESH,Kinnaur,HIMACHAL PRADESH,KINNAUR,2,34.0
UTTAR PRADESH,Chitrakoot,UTTAR PRADESH,CHITRAKOOT DHAM,9,171.0
HARYANA,Mewat,HARYANA,GURGAON,6,86.0
BIHAR,Sheohar,BIHAR,SHEOHAR,10,205.0
KERALA,THRISSUR COMMR.,KERALA,THRISSUR,32,594.0
MADHYA PRADESH,Ratlam,MADHYA PRADESH,RATLAM,23,434.0
UTTAR PRADESH,Varanasi,UTTAR PRADESH,VARANASI,9,197.0
ODISHA,Boudh,ODISHA,BOUDH,21,391.0
UTTAR PRADESH,Unnao,UTTAR PRADESH,UNNAO,9,156.0
BIHAR,Kishanganj,BIHAR,KISHANGANJ,10,210.0
NAGALAND,Kohima,NAGALAND,KOHIMA,13,270.0
KERALA,Malappuram,KERALA,MALAPPURAM,32,592.0
GOA,South Goa,GOA,SOUTH GOA,30,586.0
GUJARAT,Bharuch,GUJARAT,BHARUCH,24,488.0
MAHARASHTRA,NAGPUR RLY.,MAHARASHTRA,NAGPUR,27,505.0
TAMIL NADU,Thanjavur,TAMIL NADU,THANJAVUR,33,620.0
WEST BENGAL,Murshidabad,WEST BENGAL,MURSHIDABAD,19,333.0
UTTAR PRADESH,Aligarh,UTTAR PRADESH,ALIGARH,9,143.0
Telangana,Khammam Commissionerate,Telangana,KHAMMAM,28,541.0
GUJARAT,Vadodara City,GUJARAT,VADODARA,24,486.0
MADHYA PRADESH,Indore,MADHYA PRADESH,INDORE,23,439.0
MADHYA PRADESH,Chhindwara,MADHYA PRADESH,CHHINDWARA,23,455.0
HIMACHAL PRADESH,Hamirpur,HIMACHAL PRADESH,HAMIRPUR,2,28.0
GUJARAT,VADODARA RURAL,GUJARAT,VADODARA,24,486.0
TRIPURA,Sipahijala,TRIPURA,WEST,16,289.0
GUJARAT,TAPI,GUJARAT,SURAT,24,492.0
MIZORAM,Champhai,MIZORAM,CHAMPHAI,15,284.0
MADHYA PRADESH,AGAR,MADHYA PRADESH,SHAJAPUR,23,436.0
MADHYA PRADESH,Mandsaur,MADHYA PRADESH,MANDSAUR,23,433.0
ANDAMAN & NICOBAR ISLANDS,A and N ISLANDS,ANDAMAN & NICOBAR ISLANDS,NICOBAR,35,638.0
ASSAM,Majuli,ASSAM,JORHAT,18,312.0
MAHARASHTRA,Beed,MAHARASHTRA,BEED,27,523.0
UTTAR PRADESH,Azamgarh,UTTAR PRADESH,AZAMGARH,9,191.0
RAJASTHAN,Jodhpur West,RAJASTHAN,JODHPUR,8,113.0
JHARKHAND,JAMSHEDPUR RLY.,JHARKHAND,JAMSHEDPUR,20,357.0
MEGHALAYA,Khasi Hills West,MEGHALAYA,KHASI HILLS WEST,17,296.0
ANDHRA PRADESH,Nellore,ANDHRA PRADESH,NELLORE,28,550.0
TRIPURA,Unakoti,TRIPURA,WEST,16,289.0
PUNJAB,SAS NGR,PUNJAB,ROPAR,3,51.0
UTTAR PRADESH,Sidharthnagar,UTTAR PRADESH,SIDHARTHNAGAR,9,184.0
MADHYA PRADESH,Umaria,MADHYA PRADESH,UMARIYA,23,431.0
MADHYA PRADESH,Damoh,MADHYA PRADESH,DAMOH,23,428.0
MADHYA PRADESH,Ashok Nagar,MADHYA PRADESH,GUNA,23,458.0
RAJASTHAN,Bikaner,RAJASTHAN,BIKANER,8,101.0
MADHYA PRADESH,Alirajpur,MADHYA PRADESH,JHABUA,23,464.0
BIHAR,Jamui,BIHAR,JAMUI,10,238.0
GUJARAT,Rajkot Rural,GUJARAT,RAJKOT,24,476.0
JHARKHAND,Simdega,JHARKHAND,SIMDEGA,20,367.0
KARNATAKA,Chikkaballapura,KARNATAKA,KOLAR,29,581.0
JHARKHAND,Hazaribagh,JHARKHAND,RAMGARH,20,361.0
UTTAR PRADESH,Lucknow,UTTAR PRADESH,LUCKNOW,9,157.0
GUJARAT,Chhotaudepur,GUJARAT,VADODARA,24,486.0
ANDHRA PRADESH,Cuddapah,ANDHRA PRADESH,CUDDAPAH,28,551.0
MEGHALAYA,Garo Hills South West,MEGHALAYA,GARO HILLS WEST,17,293.0
KERALA,KOZHIKODE COMMR.,KERALA,KOZHIKODE,32,591.0
MAHARASHTRA,Nanded,MAHARASHTRA,NANDED,27,511.0
WEST BENGAL,Coochbehar,WEST BENGAL,COOCHBEHAR,19,329.0
RAJASTHAN,Nagaur,RAJASTHAN,NAGAUR,8,112.0
GUJARAT,Ahmedabad Rural,GUJARAT,AHMEDABAD,24,474.0
Telangana,Warangal Rural,Telangana,WARANGAL,28,540.0
TAMIL NADU,Virudhunagar,TAMIL NADU,VIRUDHUNAGAR,33,625.0
MADHYA PRADESH,Barwani,MADHYA PRADESH,BARWANI,23,441.0
MANIPUR,Noney,MANIPUR,TAMENGLONG,14,273.0
BIHAR,Madhubani,BIHAR,MADHUBANI,10,207.0
WEST BENGAL,PASCHIM MIDNAPUR,WEST BENGAL,MIDNAPUR,19,344.0
PUNJAB,SAS Nagar,PUNJAB,ROPAR,3,51.0
UTTARAKHAND,Tehri Garhwal,UTTARAKHAND,TEHRI GARHWAL,5,59.0
MADHYA PRADESH,ANUPPUR,MADHYA PRADESH,SHAHDOL,23,460.0
CHHATTISGARH,Bilaspur,CHHATTISGARH,BILASPUR,22,406.0
JHARKHAND,Dumka,JHARKHAND,DUMKA,20,362.0
PUNJAB,Fatehgarh Sahib,PUNJAB,FATEHGARH SAHIB,3,40.0
ANDHRA PRADESH,Tirupathi Urban,ANDHRA PRADESH,TIRUPATHI URBAN,28,554.0
Telangana,Jagityal,Telangana,KARIMNAGAR,28,534.0
GUJARAT,RAJKOT RURAL,GUJARAT,RAJKOT,24,476.0
UTTAR PRADESH,SAMBHAL,UTTAR PRADESH,MORADABAD,9,135.0
JAMMU & KASHMIR,Leh,JAMMU & KASHMIR,LEH,1,3.0
CHHATTISGARH,BALRAMPUR,CHHATTISGARH,SARGUJA,22,401.0
JAMMU & KASHMIR,Udhampur,JAMMU & KASHMIR,UDHAMPUR,1,19.0
KARNATAKA,Chikkamagaluru,KARNATAKA,CHICKMAGALUR,29,570.0
TAMIL NADU,Perambalur,TAMIL NADU,PERAMBALUR,33,615.0
KARNATAKA,BANGALORE COMMR.,KARNATAKA,BANGALORE,29,572.0
UTTAR PRADESH,AMETHI,UTTAR PRADESH,SULTANPUR,9,179.0
JHARKHAND,Gumla,JHARKHAND,GUMLA,20,366.0
GUJARAT,Kachchh East(G),GUJARAT,KUTCH,24,468.0
ODISHA,Kalahandi,ODISHA,KALAHANDI,21,395.0
TAMIL NADU,Sivagangai,TAMIL NADU,SIVAGANGAI,33,622.0
MADHYA PRADESH,Agar,MADHYA PRADESH,SHAJAPUR,23,436.0
UTTAR PRADESH,Moradabad,UTTAR PRADESH,MORADABAD,9,135.0
MAHARASHTRA,Nasik Commr.,MAHARASHTRA,NASIK,27,516.0
MADHYA PRADESH,Vidisha,MADHYA PRADESH,VIDISHA,23,443.0
ODISHA,Bhadrak,ODISHA,BHADRAK,21,378.0
MADHYA PRADESH,Balaghat,MADHYA PRADESH,BALAGHAT,23,457.0
CHHATTISGARH,Koriya,CHHATTISGARH,KORIYA,22,400.0
UTTAR PRADESH,Hathras,UTTAR PRADESH,HATHRAS,9,144.0
ODISHA,Jagatsinghpur,ODISHA,JAGATSINGHPUR,21,380.0
GUJARAT,VADODARA COMMR.,GUJARAT,VADODARA,24,486.0
RAJASTHAN,Tonk,RAJASTHAN,TONK,8,120.0
DELHI UT,NORTH-EAST,DELHI UT,NORTH EAST,7,92.0
KERALA,Thrissur Commr.,KERALA,THRISSUR,32,594.0
HARYANA,Panipat,HARYANA,PANIPAT,6,75.0
ARUNACHAL PRADESH,ANJAW,ARUNACHAL PRADESH,LOHIT,12,259.0
ASSAM,HAMREN,ASSAM,KARBI ANGLONG,18,314.0
KERALA,TRIVANDRUM RURAL,KERALA,TRIVANDRUM,32,601.0
ODISHA,Nuapada,ODISHA,NUAPADA,21,394.0
MANIPUR,Chandel,MANIPUR,CHANDEL,14,280.0
GUJARAT,KUTCH (EAST(G)),GUJARAT,KUTCH,24,468.0
MEGHALAYA,JAINTIA HILLS WEST,MEGHALAYA,JAINTIA HILLS,17,299.0
UTTARAKHAND,Champawat,UTTARAKHAND,CHAMPAWAT,5,65.0
GUJARAT,Jamnagar,GUJARAT,JAMNAGAR,24,477.0
CHHATTISGARH,KABIRDHAM,CHHATTISGARH,KAWARDHA,22,407.0
GUJARAT,Kheda,GUJARAT,KHEDA NORTH,24,483.0
DELHI UT,East,DELHI UT,EAST,7,93.0
JAMMU & KASHMIR,Kishtwar,JAMMU & KASHMIR,DODA,1,16.0
ARUNACHAL PRADESH,Changlang,ARUNACHAL PRADESH,CHANGLANG,12,253.0
HARYANA,Fatehabad,HARYANA,FATEHABAD,6,78.0
MEGHALAYA,KHASI HILLS SOUTH W.,MEGHALAYA,KHASI HILLS WEST,17,296.0
UTTAR PRADESH,Agra,UTTAR PRADESH,AGRA,9,146.0
UTTAR PRADESH,HAPUR,UTTAR PRADESH,GHAZIABAD,9,140.0
PUNJAB,Hoshiarpur,PUNJAB,HOSHIARPUR,3,38.0
ASSAM,Darrang,ASSAM,DARRANG,18,325.0
MADHYA PRADESH,Katni,MADHYA PRADESH,KATNI,23,450.0
GUJARAT,W.RLY,GUJARAT,AHMEDABAD,24,474.0
MANIPUR,Tamenglong,MANIPUR,TAMENGLONG,14,273.0
NAGALAND,Zunheboto,NAGALAND,ZUNHEBOTO,13,263.0
TRIPURA,West,TRIPURA,WEST,16,289.0
Telangana,Mulug,Telangana,WARANGAL,28,540.0
ODISHA,Bolangir,ODISHA,BOLANGIR,21,393.0
UTTARAKHAND,Udhamsingh Nagar,UTTARAKHAND,UDHAMSINGH NAGAR,5,67.0
BIHAR,Vaishali,BIHAR,VAISHALI,10,220.0
KARNATAKA,Tumakuru,KARNATAKA,TUMKUR,29,571.0
MADHYA PRADESH,Jabalpur,MADHYA PRADESH,JABALPUR,23,451.0
MAHARASHTRA,SOLAPUR COMMR.,MAHARASHTRA,SOLAPUR,27,526.0
MAHARASHTRA,Jalna,MAHARASHTRA,JALNA,27,514.0
KERALA,Kottayam,KERALA,KOTTAYAM,32,597.0
Telangana,Nizamabad Commissionerate,Telangana,NIZAMABAD,28,533.0
WEST BENGAL,Hooghly,WEST BENGAL,HOOGHLY,19,338.0
TRIPURA,Gomati,TRIPURA,SOUTH,16,290.0
Telangana,Sangareddy,Telangana,MEDAK,28,535.0
DELHI UT,SOUTH-WEST,DELHI UT,SOUTH WEST,7,97.0
UTTAR PRADESH,BHIM NAGAR,UTTAR PRADESH,MORADABAD,9,135.0
MAHARASHTRA,Hingoli,MAHARASHTRA,HINGOLI,27,512.0
RAJASTHAN,JODHPUR RURAL,RAJASTHAN,JODHPUR,8,113.0
MADHYA PRADESH,Sidhi,MADHYA PRADESH,SIDHI,23,462.0
MAHARASHTRA,Aurangabad Commr.,MAHARASHTRA,AURANGABAD,27,515.0
GUJARAT,W.RLY AHMEDABAD,GUJARAT,AHMEDABAD,24,474.0
ASSAM,Golaghat,ASSAM,GOLAGHAT,18,313.0
KERALA,Trivandrum Commr.,KERALA,TRIVANDRUM,32,601.0
MAHARASHTRA,Bhandara,MAHARASHTRA,BHANDARA,27,506.0
GUJARAT,Surendranagar,GUJARAT,SURENDRANAGAR,24,475.0
ARUNACHAL PRADESH,UPPER DIBANG VALLEY,ARUNACHAL PRADESH,DIBANG VALLEY,12,257.0
CHHATTISGARH,SURAJPUR,CHHATTISGARH,SARGUJA,22,401.0
JHARKHAND,Latehar,JHARKHAND,LATEHAR,20,359.0
ASSAM,BASKA,ASSAM,BAKSA,18,324.0
DELHI UT,South-East,DELHI UT,SOUTH,7,98.0
TAMIL NADU,Dindigul,TAMIL NADU,DINDIGUL,33,612.0
DELHI UT,NORTH-WEST,DELHI UT,NORTH WEST,7,90.0
MADHYA PRADESH,BURHANPUR,MADHYA PRADESH,KHANDWA,23,466.0
RAJASTHAN,Jaipur North,RAJASTHAN,JAIPUR,8,110.0
PUNJAB,CP AMRITSAR,PUNJAB,AMRITSAR,3,49.0
TRIPURA,Kowai,TRIPURA,WEST,16,289.0
PUNJAB,Pathankot,PUNJAB,GURDASPUR,3,35.0
ASSAM,Hailakandi,ASSAM,HAILAKANDI,18,318.0
UTTAR PRADESH,Raibareilly,UTTAR PRADESH,RAIBAREILLY,9,158.0
WEST BENGAL,Purulia,WEST BENGAL,PURULIA,19,340.0
RAJASTHAN,Jaipur West,RAJASTHAN,JAIPUR,8,110.0
JHARKHAND,Palamu,JHARKHAND,PALAMU,20,358.0
Telangana,Mahaboob Nagar,Telangana,MAHABOOBNAGAR,28,538.0
ANDHRA PRADESH,VIJAYAWADA RLY.,ANDHRA PRADESH,VIJAYAWADA,28,547.0
GUJARAT,AHMEDABAD RURAL,GUJARAT,AHMEDABAD,24,474.0
HARYANA,Panchkula,HARYANA,PANCHKULA,6,69.0
CHHATTISGARH,Durg,CHHATTISGARH,DURG,22,409.0
JHARKHAND,Khunti,JHARKHAND,RANCHI,20,364.0
MADHYA PRADESH,Dindori,MADHYA PRADESH,DINDORI,23,453.0
JAMMU & KASHMIR,Ganderbal,JAMMU & KASHMIR,GANDERBAL,1,11.0
UTTAR PRADESH,Jalaun,UTTAR PRADESH,JALAUN,9,165.0
CHHATTISGARH,BALODA BAZAR,CHHATTISGARH,RAIPUR,22,410.0
HARYANA,Nuh,HARYANA,GURGAON,6,86.0
UTTAR PRADESH,Allahabad,UTTAR PRADESH,ALLAHABAD,9,175.0
Telangana,Nagarkurnool,Telangana,MAHABOOBNAGAR,28,538.0
ANDHRA PRADESH,Prakasham,ANDHRA PRADESH,PRAKASHAM,28,549.0
JAMMU & KASHMIR,Baramulla,JAMMU & KASHMIR,BARAMULLA,1,8.0
MAHARASHTRA,Thane Rural,MAHARASHTRA,THANE,27,517.0
RAJASTHAN,Pali,RAJASTHAN,PALI,8,118.0
ARUNACHAL PRADESH,LONGDING,ARUNACHAL PRADESH,TIRAP,12,254.0
PUNJAB,LUDHIANA RURAL,PUNJAB,LUDHIANA,3,41.0
KARNATAKA,Belagavi District,KARNATAKA,BELGAUM,29,555.0
RAJASTHAN,Jaipur Crime,RAJASTHAN,JAIPUR,8,110.0
WEST BENGAL,BKP CP,WEST BENGAL,24 PARGANAS NORTH,19,337.0
UTTAR PRADESH,Amethi,UTTAR PRADESH,SULTANPUR,9,179.0
ASSAM,Biswanath,ASSAM,SONITPUR,18,306.0
HARYANA,Mahendergarh,HARYANA,MAHENDRAGARH,6,84.0
MAHARASHTRA,MUMBAI RLY.,MAHARASHTRA,MUMBAI,27,519.0
LAKSHADWEEP,Lakshadweep,LAKSHADWEEP,LAKSHADWEEP,31,587.0
MAHARASHTRA,PUNE RURAL,MAHARASHTRA,PUNE,27,521.0
Telangana,Karimnagar,Telangana,KARIMNAGAR,28,534.0
Telangana,Kamareddy ,Telangana,NIZAMABAD,28,533.0
GUJARAT,Ahmedabad City,GUJARAT,AHMEDABAD,24,474.0
GUJARAT,Dahod,GUJARAT,DAHOD,24,485.0
KARNATAKA,Ramanagar,KARNATAKA,BANGALORE,29,572.0
MAHARASHTRA,Aurangabad Railway,MAHARASHTRA,AURANGABAD,27,515.0
GUJARAT,Devbhumi Dwarka,GUJARAT,JAMNAGAR,24,477.0
UTTAR PRADESH,Kannauj,UTTAR PRADESH,KANNAUJ,9,160.0
KERALA,KOLLAM RURAL,KERALA,KOLLAM,32,600.0
TAMIL NADU,Thoothukudi,TAMIL NADU,THOOTHUGUDI,33,627.0
KARNATAKA,Mangaluru City,KARNATAKA,MANGALORE CITY,29,575.0
HARYANA,Faridabad,HARYANA,FARIDABAD,6,88.0
BIHAR,Bagaha,BIHAR,Pashchim Champaran,10,203.0
ODISHA,Koraput,ODISHA,KORAPUT,21,398.0
TAMIL NADU,KRISHNAGIRI,TAMIL NADU,DHARMAPURI,33,630.0
GUJARAT,W.Rly Ahmedabad,GUJARAT,AHMEDABAD,24,474.0
PUNJAB,Gurdaspur,PUNJAB,GURDASPUR,3,35.0
HIMACHAL PRADESH,Bilaspur,HIMACHAL PRADESH,BILASPUR,2,30.0
MADHYA PRADESH,Tikamgarh,MADHYA PRADESH,TIKAMGARH,23,424.0
MANIPUR,Kamjong,MANIPUR,UKHRUL,14,279.0
RAJASTHAN,Jaipur Rural,RAJASTHAN,JAIPUR,8,110.0
UTTAR PRADESH,Bhadohi,UTTAR PRADESH,ST.RAVIDASNAGAR,9,198.0
MANIPUR,Ukhrul,MANIPUR,UKHRUL,14,279.0
UTTAR PRADESH,Hamirpur,UTTAR PRADESH,HAMIRPUR,9,168.0
MADHYA PRADESH,Rewa,MADHYA PRADESH,REWA,23,430.0
GUJARAT,RAJKOT COMMR.,GUJARAT,RAJKOT,24,476.0
ANDHRA PRADESH,Visakhapatnam,ANDHRA PRADESH,VISAKHAPATNAM,28,544.0
WEST BENGAL,Jhargram,WEST BENGAL,MIDNAPUR,19,344.0
KARNATAKA,Chitradurga,KARNATAKA,CHITRADURGA,29,566.0
TAMIL NADU,CHENGAI,TAMIL NADU,CHENNAI,33,603.0
MAHARASHTRA,Raigad,MAHARASHTRA,RAIGAD,27,520.0
MADHYA PRADESH,Chhatarpur,MADHYA PRADESH,CHHATARPUR,23,425.0
MAHARASHTRA,Nasik Rural,MAHARASHTRA,NASIK,27,516.0
RAJASTHAN,JAIPUR NORTH,RAJASTHAN,JAIPUR,8,110.0
MEGHALAYA,Garo Hills South,MEGHALAYA,GARO HILLS SOUTH,17,295.0
MADHYA PRADESH,Khargone,MADHYA PRADESH,KHARGON,23,440.0
UTTAR PRADESH,Baghpat,UTTAR PRADESH,BAGHPAT,9,139.0
Telangana,Karimnagar Commissionerate,Telangana,KARIMNAGAR,28,534.0
UTTAR PRADESH,Sultanpur,UTTAR PRADESH,SULTANPUR,9,179.0
TAMIL NADU,Theni,TAMIL NADU,THENI,33,624.0
ARUNACHAL PRADESH,Shiyomi,ARUNACHAL PRADESH,SIANG WEST,12,250.0
CHHATTISGARH,BALOD,CHHATTISGARH,RAIPUR,22,410.0
PUNJAB,FAZILKA,PUNJAB,FEROZPUR,3,43.0
Telangana,Mulugu,Telangana,WARANGAL,28,540.0
UTTAR PRADESH,Sonbhadra,UTTAR PRADESH,SONBHADRA,9,200.0
UTTARAKHAND,Haridwar,UTTARAKHAND,HARIDWAR,5,68.0
ODISHA,Sundargarh,ODISHA,SUNDARGARH,21,374.0
BIHAR,Katihar Railway,BIHAR,KATIHAR,10,212.0
MADHYA PRADESH,Betul,MADHYA PRADESH,BETUL,23,447.0
BIHAR,BETTIAH,BIHAR,Pashchim Champaran,10,203.0
RAJASTHAN,Jhalawar,RAJASTHAN,JHALAWAR,8,129.0
GUJARAT,SURAT RURAL,GUJARAT,SURAT,24,492.0
UTTAR PRADESH,Balrampur,UTTAR PRADESH,BALRAMPUR,9,182.0
KERALA,ERNAKULAM RURAL,KERALA,ERNAKULAM,32,595.0
ASSAM,Dibrugarh,ASSAM,DIBRUGARH,18,310.0
BIHAR,Purnea,BIHAR,PURNEA,10,211.0
NAGALAND,Phek,NAGALAND,PHEK,13,266.0
WEST BENGAL,Barrackpur PC,WEST BENGAL,24 PARGANAS NORTH,19,337.0
TAMIL NADU,Cuddalore,TAMIL NADU,CUDDALORE,33,617.0
SIKKIM,East,SIKKIM,EAST,11,244.0
CHHATTISGARH,SUKMA,CHHATTISGARH,DANTEWARA,22,416.0
JAMMU & KASHMIR,Anantnag,JAMMU & KASHMIR,ANANTNAG,1,14.0
ANDHRA PRADESH,VIJAYAWADA CITY,ANDHRA PRADESH,VIJAYAWADA,28,547.0
MAHARASHTRA,Nagpur Railway,MAHARASHTRA,NAGPUR,27,505.0
MAHARASHTRA,Pune Commr.,MAHARASHTRA,PUNE,27,521.0
BIHAR,PATNA RLY.,BIHAR,PATNA,10,230.0
UTTAR PRADESH,Sant Kabirnagar,UTTAR PRADESH,SANT KABIRNAGAR,9,186.0
MANIPUR,Bishnupur,MANIPUR,BISHNUPUR,14,275.0
NAGALAND,Mokokchung,NAGALAND,MOKOKCHUNG,13,262.0
UTTAR PRADESH,Gorakhpur,UTTAR PRADESH,GORAKHPUR,9,188.0
GUJARAT,Surat Rural,GUJARAT,SURAT,24,492.0
CHHATTISGARH,Raigarh,CHHATTISGARH,RAIGARH,22,403.0
JAMMU & KASHMIR,Kupwara,JAMMU & KASHMIR,KUPWARA,1,1.0
TAMIL NADU,Thirunelveli,TAMIL NADU,THIRUNELVELI,33,628.0
JAMMU & KASHMIR,Ramban,JAMMU & KASHMIR,DODA,1,16.0
RAJASTHAN,Dausa,RAJASTHAN,DAUSA,8,109.0
UTTAR PRADESH,Etah,UTTAR PRADESH,ETAH,9,201.0
UTTAR PRADESH,Mahoba,UTTAR PRADESH,MAHOBA,9,169.0
MADHYA PRADESH,Dewas,MADHYA PRADESH,DEWAS,23,437.0
MADHYA PRADESH,JABALPUR RLY.,MADHYA PRADESH,JABALPUR,23,451.0
PUNJAB,SAS NAGAR,PUNJAB,ROPAR,3,51.0
CHHATTISGARH,MUNGELI,CHHATTISGARH,BILASPUR,22,406.0
Telangana,Wanaparthy,Telangana,MAHABOOBNAGAR,28,538.0
GUJARAT,Junagadh,GUJARAT,JUNAGADH,24,479.0
ANDHRA PRADESH,Vijayawada City,ANDHRA PRADESH,VIJAYAWADA,28,547.0
MADHYA PRADESH,SINGRAULI,MADHYA PRADESH,SIDHI,23,462.0
MIZORAM,Lawngtlai,MIZORAM,LAWNGTLAI,15,287.0
JAMMU & KASHMIR,Awantipora,JAMMU & KASHMIR,AWANTIPORA,1,12.0
UTTAR PRADESH,Firozabad,UTTAR PRADESH,FIROZABAD,9,147.0
MADHYA PRADESH,Sehore,MADHYA PRADESH,SIHORE,23,445.0
CHHATTISGARH,Balod,CHHATTISGARH,RAIPUR,22,410.0
MAHARASHTRA,THANE COMMR.,MAHARASHTRA,THANE,27,517.0
GUJARAT,Gir Somnath,GUJARAT,JUNAGADH,24,479.0
KERALA,KOZHIKODE RURAL,KERALA,KOZHIKODE,32,591.0
BIHAR,Begusarai,BIHAR,BEGUSARAI,10,222.0
GUJARAT,W.Rly  Ahmedabad,GUJARAT,AHMEDABAD,24,474.0
ASSAM,Karimganj,ASSAM,KARIMGANJ,18,317.0
HARYANA,Charkhi Dadri,HARYANA,BHIWANI,6,81.0
JAMMU & KASHMIR,Bandipora,JAMMU & KASHMIR,BARAMULLA,1,8.0
UTTAR PRADESH,Deoria,UTTAR PRADESH,DEORIA,9,190.0
D & N HAVELI,D&N Haveli,D & N HAVELI,D & N HAVELI,26,496.0
HIMACHAL PRADESH,Sirmaur,HIMACHAL PRADESH,SIRMAUR,2,32.0
TAMIL NADU,TRICHY RLY.,TAMIL NADU,TRICHY,33,614.0
NAGALAND,Mon,NAGALAND,MON,13,261.0
PUNJAB,NAWAN SHAHR,PUNJAB,SBS NAGAR,3,39.0
ARUNACHAL PRADESH,Siang West,ARUNACHAL PRADESH,SIANG WEST,12,250.0
ASSAM,Goalpara,ASSAM,GOALPARA,18,302.0
UTTAR PRADESH,Mirzapur,UTTAR PRADESH,MIRZAPUR,9,199.0
MAHARASHTRA,Yavatmal,MAHARASHTRA,YAVATMAL,27,510.0
GUJARAT,Tapi,GUJARAT,SURAT,24,492.0
BIHAR,Samastipur,BIHAR,SAMASTIPUR,10,221.0
MADHYA PRADESH,Khandwa,MADHYA PRADESH,KHANDWA,23,466.0
CHHATTISGARH,Dantewara,CHHATTISGARH,DANTEWARA,22,416.0
TAMIL NADU,COIMBATORE RURAL,TAMIL NADU,COIMBATORE,33,632.0
MADHYA PRADESH,Mandla,MADHYA PRADESH,MANDLA,23,454.0
TAMIL NADU,Villupuram,TAMIL NADU,VILLUPURAM,33,607.0
KARNATAKA,Mysuru District,KARNATAKA,MYSORE,29,577.0
TRIPURA,South,TRIPURA,SOUTH,16,290.0
HARYANA,Gurugram,HARYANA,GURGAON,6,86.0
PUNJAB,Barnala,PUNJAB,BARNALA,3,54.0
PUNJAB,Khanna,PUNJAB,KHANNA,3,41.0
MIZORAM,Serchhip,MIZORAM,SERCHHIP,15,285.0
TAMIL NADU,VILUPPURAM,TAMIL NADU,VILLUPURAM,33,607.0
WEST BENGAL,Barasat,WEST BENGAL,24 PARGANAS NORTH,19,337.0
RAJASTHAN,Kota City,RAJASTHAN,KOTA,8,127.0
BIHAR,Sitamarhi,BIHAR,SITAMARHI,10,206.0
UTTAR PRADESH,Chandoli,UTTAR PRADESH,CHANDOLI,9,196.0
WEST BENGAL,Hooghly Rural Police,WEST BENGAL,HOOGHLY,19,338.0
PUNJAB,Ropar,PUNJAB,ROPAR,3,51.0
BIHAR,Araria,BIHAR,ARARIA,10,209.0
ARUNACHAL PRADESH,Namsai,ARUNACHAL PRADESH,LOHIT,12,259.0
KARNATAKA,Kalaburgi,KARNATAKA,GULBARGA,29,579.0
JAMMU & KASHMIR,Reasi,JAMMU & KASHMIR,REASI,1,20.0
MADHYA PRADESH,Ujjain,MADHYA PRADESH,UJJAIN,23,435.0
UTTARAKHAND,Uttarkashi,UTTARAKHAND,UTTARKASHI,5,56.0
KARNATAKA,Hassan,KARNATAKA,HASSAN,29,574.0
MIZORAM,Saiha,MIZORAM,SAIHA,15,288.0
JHARKHAND,Saraikela,JHARKHAND,SARAIKELA,20,369.0
ASSAM,Morigaon,ASSAM,MORIGAON,18,304.0
GUJARAT,Navsari,GUJARAT,NAVSARI,24,490.0
RAJASTHAN,Dholpur,RAJASTHAN,DHOLPUR,8,106.0
TAMIL NADU,MADURAI RURAL,TAMIL NADU,MADURAI,33,623.0
MADHYA PRADESH,Shahdol,MADHYA PRADESH,SHAHDOL,23,460.0
RAJASTHAN,Barmer,RAJASTHAN,BARMER,8,115.0
RAJASTHAN,Ajmer,RAJASTHAN,AJMER,8,119.0
KARNATAKA,Gadag,KARNATAKA,GADAG,29,561.0
DELHI UT,Shahdara,DELHI UT,NORTH EAST,7,92.0
MADHYA PRADESH,Dhar,MADHYA PRADESH,DHAR,23,438.0
GUJARAT,Gandhinagar,GUJARAT,GANDHINAGAR,24,473.0
PUNJAB,Sangrur,PUNJAB,SANGRUR,3,53.0
ARUNACHAL PRADESH,Kra Dadi,ARUNACHAL PRADESH,SUBANSIRI LOWER,12,255.0
MIZORAM,Mamit,MIZORAM,MAMIT,15,281.0
RAJASTHAN,JAIPUR WEST,RAJASTHAN,JAIPUR,8,110.0
TAMIL NADU,ARIYALUR,TAMIL NADU,PERAMBALUR,33,615.0
BIHAR,Supaul,BIHAR,SUPAUL,10,208.0
ASSAM,Nagaon,ASSAM,NAGAON,18,305.0
ODISHA,Deogarh,ODISHA,DEOGARH,21,373.0
RAJASTHAN,Praapgarh,RAJASTHAN,CHITTORGARH,8,126.0
GUJARAT,PALANPUR,GUJARAT,Banaskantha,24,469.0
ARUNACHAL PRADESH,Kameng East,ARUNACHAL PRADESH,KAMENG EAST,12,247.0
TAMIL NADU,Trichy,TAMIL NADU,TRICHY,33,614.0
WEST BENGAL,North 24 Parganas,WEST BENGAL,24 PARGANAS NORTH,19,337.0
MADHYA PRADESH,Sheopur,MADHYA PRADESH,SHEOPUR,23,418.0
DELHI UT,SOUTH-EAST,DELHI UT,SOUTH,7,98.0
MANIPUR,IMPHAL(WEST),MANIPUR,IMPHAL WEST,14,277.0
PUNJAB,Ludhiana Rural,PUNJAB,LUDHIANA,3,41.0
KARNATAKA,Ramanagara,KARNATAKA,BANGALORE,29,572.0
MADHYA PRADESH,Seoni,MADHYA PRADESH,SEONI,23,456.0
KERALA,Alapuzha,KERALA,ALAPUZHA,32,598.0
KARNATAKA,BANGALORE RURAL,KARNATAKA,BANGALORE,29,572.0
GUJARAT,Patan,GUJARAT,PATAN,24,470.0
HIMACHAL PRADESH,Solan,HIMACHAL PRADESH,SOLAN,2,31.0
HIMACHAL PRADESH,Shimla,HIMACHAL PRADESH,SHIMLA,2,33.0
UTTAR PRADESH,KASGANJ,UTTAR PRADESH,ETAH,9,201.0
MAHARASHTRA,Kolhapur,MAHARASHTRA,KOLHAPUR,27,530.0
PUNJAB,FEROZEPUR,PUNJAB,FEROZPUR,3,43.0
Telangana,WARANGAL URBAN,Telangana,WARANGAL,28,540.0
WEST BENGAL,Bankura,WEST BENGAL,BANKURA,19,339.0
PUNJAB,Patiala,PUNJAB,PATIALA,3,48.0
KERALA,Kozhikode Rural,KERALA,KOZHIKODE,32,591.0
RAJASTHAN,Bundi,RAJASTHAN,BUNDI,8,121.0
MADHYA PRADESH,Narsinghpur,MADHYA PRADESH,NARSINGHPUR,23,452.0
MAHARASHTRA,NASIK RURAL,MAHARASHTRA,NASIK,27,516.0
TAMIL NADU,Karur,TAMIL NADU,KARUR,33,613.0
Telangana,Suryapet,Telangana,NALGONDA,28,539.0
GUJARAT,HIMATNAGAR,GUJARAT,Sabarkantha,24,472.0
UTTAR PRADESH,Gautambudh Nagar,UTTAR PRADESH,GAUTAMBUDH NAGAR,9,141.0
MANIPUR,Imphal West,MANIPUR,IMPHAL WEST,14,277.0
RAJASTHAN,Alwar,RAJASTHAN,ALWAR,8,104.0
KARNATAKA,CHIKKABALLAPURA,KARNATAKA,KOLAR,29,581.0
ASSAM,Cachar,ASSAM,CACHAR,18,316.0
UTTAR PRADESH,Pilibhit,UTTAR PRADESH,PILIBHIT,9,151.0
RAJASTHAN,Jodhpur Rural,RAJASTHAN,JODHPUR,8,113.0
RAJASTHAN,Sirohi,RAJASTHAN,SIROHI,8,117.0
MADHYA PRADESH,Niwari,MADHYA PRADESH,TIKAMGARH,23,424.0
RAJASTHAN,JAIPUR EAST,RAJASTHAN,JAIPUR,8,110.0
MADHYA PRADESH,Rajgarh,MADHYA PRADESH,RAJGARH,23,442.0
TAMIL NADU,Erode,TAMIL NADU,ERODE,33,610.0
DELHI UT,West,DELHI UT,WEST,7,96.0
HARYANA,Rewari,HARYANA,REWARI,6,85.0
PUNJAB,Ferozepur,PUNJAB,FEROZPUR,3,43.0
KARNATAKA,CBPURA,KARNATAKA,KOLAR,29,581.0
MAHARASHTRA,PUNE COMMR.,MAHARASHTRA,PUNE,27,521.0
MADHYA PRADESH,Guna,MADHYA PRADESH,GUNA,23,458.0
ODISHA,SRP (Cuttack),ODISHA,CUTTACK,21,381.0
JAMMU & KASHMIR,Sopore,JAMMU & KASHMIR,SOPORE,1,8.0
WEST BENGAL,Burdwan (old),WEST BENGAL,BURDWAN,19,335.0
CHHATTISGARH,Korba,CHHATTISGARH,KORBA,22,404.0
ARUNACHAL PRADESH,K/KUMEY,ARUNACHAL PRADESH,SUBANSIRI LOWER,12,255.0
ARUNACHAL PRADESH,Siang Upper,ARUNACHAL PRADESH,SIANG UPPER,12,252.0
TAMIL NADU,Chennai,TAMIL NADU,CHENNAI,33,603.0
Telangana,Mahabubabad,Telangana,WARANGAL,28,540.0
MAHARASHTRA,AURANGABAD RURAL,MAHARASHTRA,AURANGABAD,27,515.0
MEGHALAYA,Garo Hills West,MEGHALAYA,GARO HILLS WEST,17,293.0
RAJASTHAN,Ganganagar,RAJASTHAN,GANGANAGAR,8,99.0
RAJASTHAN,Rajsamand,RAJASTHAN,RAJSAMAND,8,123.0
ANDAMAN & NICOBAR ISLANDS,CAR,ANDAMAN & NICOBAR ISLANDS,NICOBAR,35,638.0
JHARKHAND,Ramgarh,JHARKHAND,RAMGARH,20,361.0
GUJARAT,Rajkot City,GUJARAT,RAJKOT,24,476.0
UTTARAKHAND,Dehradun,UTTARAKHAND,DEHRADUN,5,60.0
WEST BENGAL,Basirhat,WEST BENGAL,24 PARGANAS NORTH,19,337.0
GUJARAT,Kachchh West(B),GUJARAT,KUTCH,24,468.0
HARYANA,PALWAL,HARYANA,FARIDABAD,6,88.0
ODISHA,Baragarh,ODISHA,BARAGARH,21,370.0
DAMAN & DIU,Diu,DAMAN & DIU,DIU,25,494.0
KERALA,THRISSUR RURAL,KERALA,THRISSUR,32,594.0
Telangana,Mahabubnagar,Telangana,MAHABOOBNAGAR,28,538.0
WEST BENGAL,Birbhum,WEST BENGAL,BIRBHUM,19,334.0
PUDUCHERRY,Puducherry,PUDUCHERRY,PUDUCHERRY,34,635.0
TAMIL NADU,Tiruppur,TAMIL NADU,TIRUPPUR,33,633.0
WEST BENGAL,Alipurduar,WEST BENGAL,JALPAIGURI,19,328.0
UTTAR PRADESH,PANCHSHIL NAGAR,UTTAR PRADESH,HAPUR,9,140.0
KARNATAKA,RAMANAGAR,KARNATAKA,BANGALORE,29,572.0
BIHAR,Gopalganj,BIHAR,GOPALGANJ,10,217.0
Telangana,Warangal,Telangana,WARANGAL,28,540.0
JAMMU & KASHMIR,Poonch,JAMMU & KASHMIR,POONCH,1,5.0
KERALA,Kollam Rural,KERALA,KOLLAM,32,600.0
WEST BENGAL,Chandannagar PC,WEST BENGAL,HOOGHLY,19,338.0
UTTAR PRADESH,Kanpur Nagar,UTTAR PRADESH,KANPUR NAGAR,9,164.0
KERALA,Kollam Commr.,KERALA,KOLLAM,32,600.0
WEST BENGAL,Baruipur Police,WEST BENGAL,24 PARGANAS SOUTH,19,343.0
MAHARASHTRA,Chandrapur,MAHARASHTRA,CHANDRAPUR,27,509.0
KERALA,Ernakulam Commr.,KERALA,ERNAKULAM,32,595.0
MADHYA PRADESH,BHOPAL RLY.,MADHYA PRADESH,BHOPAL,23,444.0
HARYANA,Rohtak,HARYANA,ROHTAK,6,82.0
PUNJAB,Mansa,PUNJAB,MANSA,3,47.0
ASSAM,Dhubri,ASSAM,DHUBRI,18,301.0
JAMMU & KASHMIR,Srinagar,JAMMU & KASHMIR,SRINAGAR,1,10.0
RAJASTHAN,Jalore,RAJASTHAN,JALORE,8,116.0
MANIPUR,Kakching,MANIPUR,THOUBAL,14,276.0
JHARKHAND,DHANBAD RLY.,JHARKHAND,DHANBAD,20,354.0
HARYANA,Sirsa,HARYANA,SIRSA,6,79.0
MADHYA PRADESH,Bhopal,MADHYA PRADESH,BHOPAL,23,444.0
PUNJAB,SBS Nagar,PUNJAB,SBS NAGAR,3,39.0
JAMMU & KASHMIR,KISHTWAR,JAMMU & KASHMIR,DODA,1,16.0
JHARKHAND,Sahebganj,JHARKHAND,SAHEBGANJ,20,352.0
MAHARASHTRA,Osmanabad,MAHARASHTRA,OSMANABAD,27,525.0
WEST BENGAL,Howrah Rural,WEST BENGAL,HOWRAH,19,341.0
JHARKHAND,Dhanbad Railway,JHARKHAND,DHANBAD,20,354.0
TAMIL NADU,CHENNAI RLY.,TAMIL NADU,CHENNAI,33,603.0
MAHARASHTRA,Washim,MAHARASHTRA,WASHIM,27,502.0
NAGALAND,Longleng,NAGALAND,LONGLENGZunhebo,13,268.0
TAMIL NADU,Madurai,TAMIL NADU,MADURAI,33,623.0
MAHARASHTRA,Ahmednagar,MAHARASHTRA,AHMEDNAGAR,27,522.0
GUJARAT,Vadodara Rural,GUJARAT,VADODARA,24,486.0
MANIPUR,Senapati,MANIPUR,SENAPATI,14,272.0
PUNJAB,Muktsar,PUNJAB,MUKTSAR,3,44.0
CHHATTISGARH,Sukma,CHHATTISGARH,DANTEWARA,22,416.0
ODISHA,Khurda,ODISHA,KHURDA,21,386.0
HARYANA,Hissar,HARYANA,HISSAR,6,80.0
ODISHA,Berhampur,ODISHA,BERHAMPUR,21,388.0
WEST BENGAL,Malda,WEST BENGAL,MALDA,19,332.0
JAMMU & KASHMIR,SHOPIAN,JAMMU & KASHMIR,PULWAMA,1,12.0
DELHI UT,Outer North,DELHI UT,NORTH,7,91.0
HARYANA,Yamunanagar,HARYANA,YAMUNANAGAR,6,71.0
MADHYA PRADESH,Burhanpur,MADHYA PRADESH,KHANDWA,23,466.0
ASSAM,SIVASAGAR,ASSAM,SIBSAGAR,18,311.0
WEST BENGAL,Howrah PC,WEST BENGAL,HOWRAH,19,341.0
ASSAM,Baksa,ASSAM,BAKSA,18,324.0
KERALA,Kannur,KERALA,KANNUR,32,589.0
MAHARASHTRA,Dhule,MAHARASHTRA,DHULE,27,498.0
Telangana,Narayanpet,Telangana,MAHABOOBNAGAR,28,538.0
UTTARAKHAND,Bageshwar,UTTARAKHAND,BAGESHWAR,5,63.0
ASSAM,Chirang,ASSAM,BONGAIGAON,18,319.0
RAJASTHAN,Bharatpur,RAJASTHAN,BHARATPUR,8,105.0
CHHATTISGARH,GARIYABAND,CHHATTISGARH,RAIPUR,22,410.0
HARYANA,Ambala (Rural),HARYANA,AMBALA,6,70.0
ASSAM,Sibsagar,ASSAM,SIBSAGAR,18,311.0
JAMMU & KASHMIR,Budgam,JAMMU & KASHMIR,BUDGAM,1,2.0
TAMIL NADU,Salem,TAMIL NADU,SALEM,33,608.0
UTTAR PRADESH,PRABUDDH NAGAR,UTTAR PRADESH,MUZAFFARNAGAR,9,133.0
TAMIL NADU,Kanchipuram,TAMIL NADU,KANCHIPURAM,33,604.0
Telangana,Mulgu,Telangana,WARANGAL,28,540.0
BIHAR,Saharsa,BIHAR,SAHARSA,10,214.0
CHHATTISGARH,Bizapur,CHHATTISGARH,BIZAPUR,22,417.0
WEST BENGAL,JHARGRAM,WEST BENGAL,MIDNAPUR,19,344.0
KERALA,Idukki,KERALA,IDUKKI,32,596.0
TRIPURA,North,TRIPURA,NORTH,16,292.0
KARNATAKA,Bengaluru District,KARNATAKA,BANGALORE,29,572.0
BIHAR,MOTIHARI,BIHAR,Purba Champaran,10,204.0
UTTAR PRADESH,Kushi Nagar,UTTAR PRADESH,KUSHI NAGAR,9,189.0
BIHAR,Gaya,BIHAR,GAYA,10,236.0
PUNJAB,CP LUDHIANA,PUNJAB,LUDHIANA,3,41.0
RAJASTHAN,Baran,RAJASTHAN,BARAN,8,128.0
TRIPURA,UNAKOTI,TRIPURA,WEST,16,289.0
HIMACHAL PRADESH,Una,HIMACHAL PRADESH,UNA,2,29.0
ANDHRA PRADESH,Chittoor,ANDHRA PRADESH,CHITTOOR,28,554.0
JAMMU & KASHMIR,Shopian,JAMMU & KASHMIR,PULWAMA,1,12.0
RAJASTHAN,JAIPUR SOUTH,RAJASTHAN,JAIPUR,8,110.0
WEST BENGAL,Purab Medinipur,WEST BENGAL,MIDNAPUR,19,344.0
HARYANA,AMBALA URBAN,HARYANA,AMBALA,6,70.0
WEST BENGAL,Kolkata,WEST BENGAL,KOLKATA,19,342.0
UTTARAKHAND,Pithoragarh,UTTARAKHAND,PITHORAGARH,5,62.0
MAHARASHTRA,Akola,MAHARASHTRA,AKOLA,27,501.0
CHHATTISGARH,KONDAGAON,CHHATTISGARH,BASTAR,22,414.0
ASSAM,Charaideo,ASSAM,SIBSAGAR,18,311.0
BIHAR,Motihari,BIHAR,Purba Champaran,10,204.0
ASSAM,Tinsukia,ASSAM,TINSUKIA,18,309.0
HARYANA,AMBALA RURAL,HARYANA,AMBALA,6,70.0
Telangana,Adilabad,Telangana,ADILABAD,28,532.0
TAMIL NADU,Nilgiris,TAMIL NADU,NILGIRIS,33,611.0
KERALA,Thrissur Rural,KERALA,THRISSUR,32,594.0
DELHI UT,Dwarka,DELHI UT,SOUTH WEST,7,97.0
BIHAR,Munger,BIHAR,MUNGER,10,226.0
WEST BENGAL,Uttar Dinajpur,WEST BENGAL,UTTAR DINAJPUR,19,330.0
PUNJAB,Moga,PUNJAB,MOGA,3,42.0
KARNATAKA,DHARWAD COMMR.,KARNATAKA,DHARWAD,29,562.0
Telangana,Vikarabad,Telangana,RANGA REDDY,28,537.0
HARYANA,Karnal,HARYANA,KARNAL,6,74.0
ARUNACHAL PRADESH,Siang East,ARUNACHAL PRADESH,SIANG EAST,12,251.0
RAJASTHAN,Jhunjhunu,RAJASTHAN,JHUNJHUNU,8,103.0
TAMIL NADU,Ariyalur,TAMIL NADU,PERAMBALUR,33,615.0
ANDHRA PRADESH,East Godavari,ANDHRA PRADESH,EAST GODAVARI,28,545.0
TAMIL NADU,COIMBATORE URBAN,TAMIL NADU,COIMBATORE,33,632.0
ASSAM,Karbi Anglong,ASSAM,KARBI ANGLONG,18,314.0
GUJARAT,W.RLY VADODARA,GUJARAT,VADODARA,24,486.0
MANIPUR,Jiribam,MANIPUR,IMPHAL EAST,14,278.0
KARNATAKA,Dakshina Kannada,KARNATAKA,DAKSHIN KANNADA,29,575.0
WEST BENGAL,Diamond Harbour Police,WEST BENGAL,24 PARGANAS SOUTH,19,343.0
ASSAM,Udalguri,ASSAM,DARRANG,18,325.0
TRIPURA,KHOWAI,TRIPURA,WEST,16,289.0
TAMIL NADU,TRICHY RURAL,TAMIL NADU,TRICHY,33,614.0
ARUNACHAL PRADESH,Pakkessang,ARUNACHAL PRADESH,KAMENG EAST,12,247.0
ASSAM,Dima Hasao,ASSAM,N.C.HILLS,18,315.0
ASSAM,UDALGURI,ASSAM,DARRANG,18,325.0
UTTAR PRADESH,Bahraich,UTTAR PRADESH,BAHRAICH,9,180.0
BIHAR,KATIHAR RLY.,BIHAR,KATIHAR,10,212.0
BIHAR,Jehanabad,BIHAR,JEHANABAD,10,239.0
D & N HAVELI,D&N HAVELI,D & N HAVELI,D & N HAVELI,26,496.0
ARUNACHAL PRADESH,Leparada,ARUNACHAL PRADESH,Lower Siang,12,250.0
HARYANA,Jind,HARYANA,JIND,6,77.0
JAMMU & KASHMIR,Doda,JAMMU & KASHMIR,DODA,1,16.0
JHARKHAND,Giridih,JHARKHAND,GIRIDIH,20,349.0
MANIPUR,Kangpokpi,MANIPUR,SENAPATI,14,272.0
UTTAR PRADESH,Saharanpur,UTTAR PRADESH,SAHARANPUR,9,132.0
UTTAR PRADESH,Bijnor,UTTAR PRADESH,BIJNOR,9,134.0
MADHYA PRADESH,Singrauli,MADHYA PRADESH,SIDHI,23,462.0
RAJASTHAN,JODHPUR EAST,RAJASTHAN,JODHPUR,8,113.0
MADHYA PRADESH,Shajapur,MADHYA PRADESH,SHAJAPUR,23,436.0
SIKKIM,West,SIKKIM,WEST,11,242.0
JAMMU & KASHMIR,Kulgam,JAMMU & KASHMIR,KULGAM,1,15.0
TAMIL NADU,Thiruvannamalai,TAMIL NADU,THIRUVANNAMALAI,33,606.0
JHARKHAND,Deoghar,JHARKHAND,DEOGHAR,20,350.0
ARUNACHAL PRADESH,Kukung Kumey,ARUNACHAL PRADESH,SUBANSIRI LOWER,12,255.0
ODISHA,Keonjhar,ODISHA,KEONJHAR,21,375.0
JHARKHAND,Jamtara,JHARKHAND,JAMTARA,20,363.0
BIHAR,Rohtas,BIHAR,ROHTAS,10,234.0
UTTAR PRADESH,Pratapgarh,UTTAR PRADESH,PRATAPGARH,9,173.0
CHHATTISGARH,Raipur,CHHATTISGARH,RAIPUR,22,410.0
ARUNACHAL PRADESH,Papum Pare City,ARUNACHAL PRADESH,PAPUM PARE,12,248.0
HARYANA,Palwal,HARYANA,FARIDABAD,6,88.0
MAHARASHTRA,MUMBAI COMMR.,MAHARASHTRA,MUMBAI,27,519.0
UTTAR PRADESH,Banda,UTTAR PRADESH,BANDA,9,170.0
JAMMU & KASHMIR,Rajouri,JAMMU & KASHMIR,RAJOURI,1,6.0
KERALA,Trivandrum Rural,KERALA,TRIVANDRUM,32,601.0
TAMIL NADU,Thoothugudi,TAMIL NADU,THOOTHUGUDI,33,627.0
TAMIL NADU,Namakkal,TAMIL NADU,NAMAKKAL,33,609.0
RAJASTHAN,Sawai Madhopur,RAJASTHAN,SAWAI MADHOPUR,8,108.0
HIMACHAL PRADESH,Lahaul & Spiti,HIMACHAL PRADESH,LAHAUL-SPITI,2,25.0
MANIPUR,Churachandpur,MANIPUR,CHURACHANDPUR,14,274.0
JAMMU & KASHMIR,Pulwama,JAMMU & KASHMIR,PULWAMA,1,12.0
BIHAR,Buxar,BIHAR,BUXAR,10,232.0
ARUNACHAL PRADESH,Tawang,ARUNACHAL PRADESH,TAWANG,12,245.0
MIZORAM,Lunglei,MIZORAM,LUNGLEI,15,286.0
ASSAM,Bongaigaon,ASSAM,BONGAIGAON,18,319.0
CHHATTISGARH,Kanker,CHHATTISGARH,KANKER,22,413.0
MAHARASHTRA,Parbhani,MAHARASHTRA,PARBHANI,27,513.0
MAHARASHTRA,AMRAVATI RURAL,MAHARASHTRA,AMRAVATI,27,503.0
Telangana,Jogulamba Gadwal,Telangana,NALGONDA,28,539.0
ANDAMAN & NICOBAR ISLANDS,North & Middle Andaman,ANDAMAN & NICOBAR ISLANDS,ANDAMAN,35,640.0
JHARKHAND,Jamshedpur,JHARKHAND,JAMSHEDPUR,20,357.0
GOA,North Goa,GOA,NORTH GOA,30,585.0
KARNATAKA,YADGIRI,KARNATAKA,GULBARGA,29,579.0
MADHYA PRADESH,Panna,MADHYA PRADESH,PANNA,23,426.0
CHHATTISGARH,Balodbazar,CHHATTISGARH,RAIPUR,22,410.0
KERALA,Ernakulam Rural,KERALA,ERNAKULAM,32,595.0
JHARKHAND,Jamshedpur Railway,JHARKHAND,JAMSHEDPUR,20,357.0
HARYANA,Bhiwani,HARYANA,BHIWANI,6,81.0
ODISHA,Malkangiri,ODISHA,MALKANGIR,21,399.0
HIMACHAL PRADESH,Mandi,HIMACHAL PRADESH,MANDI,2,27.0
ASSAM,Jorhat,ASSAM,JORHAT,18,312.0
WEST BENGAL,Jhargram Police District,WEST BENGAL,MIDNAPUR,19,344.0
DELHI UT,Rohini,DELHI UT,NORTH WEST,7,90.0
MAHARASHTRA,NASIK COMMR.,MAHARASHTRA,NASIK,27,516.0
MAHARASHTRA,Satara,MAHARASHTRA,SATARA,27,527.0
KARNATAKA,Bagalkot,KARNATAKA,BAGALKOT,29,556.0
UTTAR PRADESH,Badaun,UTTAR PRADESH,BADAUN,9,149.0
JAMMU & KASHMIR,Kathua,JAMMU & KASHMIR,KATHUA,1,7.0
UTTAR PRADESH,Fatehpur,UTTAR PRADESH,FATEHPUR,9,172.0
KARNATAKA,Shimoga,KARNATAKA,SHIMOGA,29,568.0
MAHARASHTRA,Palghar,MAHARASHTRA,THANE,27,517.0
TRIPURA,GOMATI,TRIPURA,SOUTH,16,290.0
DELHI UT,Outer,DELHI UT,NORTH WEST,7,90.0
UTTAR PRADESH,Barabanki,UTTAR PRADESH,BARABANKI,9,176.0
ODISHA,Sonepur,ODISHA,SONEPUR,21,392.0
JHARKHAND,Koderma,JHARKHAND,KODERMA,20,348.0
KARNATAKA,Kolar,KARNATAKA,KOLAR,29,581.0
ANDHRA PRADESH,Guntakal Railway,ANDHRA PRADESH,GUNTAKAL RLY.,28,553.0
WEST BENGAL,BDN CP,WEST BENGAL,24 PARGANAS NORTH,19,337.0
MAHARASHTRA,SOLAPUR RURAL,MAHARASHTRA,SOLAPUR,27,526.0
Telangana,Warangal City,Telangana,WARANGAL,28,540.0
JAMMU & KASHMIR,SAMBA,JAMMU & KASHMIR,JAMMU,1,21.0
HIMACHAL PRADESH,Kullu,HIMACHAL PRADESH,KULLU,2,26.0
MANIPUR,Thoubal,MANIPUR,THOUBAL,14,276.0
KARNATAKA,Mandya,KARNATAKA,MANDYA,29,573.0
ANDHRA PRADESH,WARANGAL URBAN,ANDHRA PRADESH,WARANGAL,28,540.0
BIHAR,Darbhanga,BIHAR,DARBHANGA,10,215.0
JAMMU & KASHMIR,DODA,JAMMU & KASHMIR,DODA,1,16.0
MADHYA PRADESH,Satna,MADHYA PRADESH,SATNA,23,429.0
MADHYA PRADESH,Jhabua,MADHYA PRADESH,JHABUA,23,464.0
BIHAR,Sheikhpura,BIHAR,SHEIKHPURA,10,228.0
DELHI UT,South-West,DELHI UT,SOUTH WEST,7,97.0
JHARKHAND,Godda,JHARKHAND,GODDA,20,351.0
GUJARAT,Arvalli,GUJARAT,Sabarkantha,24,472.0
JHARKHAND,Lohardagga,JHARKHAND,LOHARDAGGA,20,356.0
CHHATTISGARH,Bemetra,CHHATTISGARH,DURG,22,409.0
ASSAM,N. C. Hills,ASSAM,N.C.HILLS,18,315.0
RAJASTHAN,Jaipur Metro,RAJASTHAN,JAIPUR,8,110.0
PUNJAB,PATHANKOT,PUNJAB,GURDASPUR,3,35.0
KARNATAKA,Ballari,KARNATAKA,BELLARY,29,565.0
Telangana,Hyderabad City,Telangana,HYDERABAD CITY,28,536.0
PUNJAB,Faridkot,PUNJAB,FARIDKOT,3,45.0
UTTAR PRADESH,Basti,UTTAR PRADESH,BASTI,9,185.0
UTTAR PRADESH,Shamli,UTTAR PRADESH,MUZAFFARNAGAR,9,133.0
BIHAR,Bhagalpur,BIHAR,BHAGALPUR,10,224.0
TAMIL NADU,Thiruvarur,TAMIL NADU,THIRUVARUR,33,619.0
RAJASTHAN,Banswara,RAJASTHAN,BANSWARA,8,125.0
WEST BENGAL,Jalpaiguri,WEST BENGAL,JALPAIGURI,19,328.0
KARNATAKA,Bidar,KARNATAKA,BIDAR,29,558.0
ODISHA,Rayagada,ODISHA,RAYAGADA,21,396.0
ANDHRA PRADESH,Vizianagaram,ANDHRA PRADESH,VIZIANAGARAM,28,543.0
WEST BENGAL,South 24 Parganas,WEST BENGAL,24 PARGANAS SOUTH,19,343.0
BIHAR,MUZAFFARPUR RLY.,BIHAR,MUZAFFARPUR,10,216.0
UTTAR PRADESH,Faizabad,UTTAR PRADESH,FAIZABAD,9,177.0
GUJARAT,Porbandar,GUJARAT,PORBANDAR,24,478.0
ANDHRA PRADESH,West Godavari,ANDHRA PRADESH,WEST GODAVARI,28,546.0
UTTAR PRADESH,Bareilly,UTTAR PRADESH,BAREILLY,9,150.0
ARUNACHAL PRADESH,Lower Dibang Valley,ARUNACHAL PRADESH,DIBANG VALLEY,12,257.0
HARYANA,Sonipat,HARYANA,SONIPAT,6,76.0
ODISHA,Nabarangpur,ODISHA,NOWRANGPUR,21,397.0
JHARKHAND,Pakur,JHARKHAND,PAKUR,20,353.0
MAHARASHTRA,Pune Rural,MAHARASHTRA,PUNE,27,521.0
Telangana,Nalgonda,Telangana,NALGONDA,28,539.0
ASSAM,Sonitpur,ASSAM,SONITPUR,18,306.0
UTTAR PRADESH,CSM NAGAR,UTTAR PRADESH,SULTANPUR,9,179.0
DAMAN & DIU,Daman,DAMAN & DIU,DAMAN,25,495.0
WEST BENGAL,Bidhannagar PC,WEST BENGAL,24 PARGANAS NORTH,19,337.0
HARYANA,Gurgaon,HARYANA,GURGAON,6,86.0
ODISHA,Cuttack,ODISHA,CUTTACK,21,381.0
ARUNACHAL PRADESH,Kameng West,ARUNACHAL PRADESH,KAMENG WEST,12,246.0
PUDUCHERRY,KARAIKAL,PUDUCHERRY,PUDUCHERRY,34,635.0
UTTAR PRADESH,Hapur,UTTAR PRADESH,GHAZIABAD,9,140.0
ARUNACHAL PRADESH,Kurung Kumey,ARUNACHAL PRADESH,SUBANSIRI LOWER,12,255.0
ANDHRA PRADESH,Kurnool,ANDHRA PRADESH,KURNOOL,28,552.0
TAMIL NADU,Pudukottai,TAMIL NADU,PUDUKOTTAI,33,621.0
KERALA,KOLLAM COMMR.,KERALA,KOLLAM,32,600.0
MADHYA PRADESH,Shivpuri,MADHYA PRADESH,SHIVPURI,23,423.0
RAJASTHAN,Chittorgarh,RAJASTHAN,CHITTORGARH,8,126.0
MADHYA PRADESH,Raisen,MADHYA PRADESH,RAISEN,23,446.0
MAHARASHTRA,Jalgaon,MAHARASHTRA,JALGAON,27,499.0
UTTAR PRADESH,Fatehgarh,UTTAR PRADESH,FATEHGARH,9,159.0
MANIPUR,IMPHAL(EAST),MANIPUR,IMPHAL EAST,14,278.0
UTTAR PRADESH,J.P.NAGAR,UTTAR PRADESH,AMROHA,9,137.0
BIHAR,Muzaffarpur,BIHAR,MUZAFFARPUR,10,216.0
UTTAR PRADESH,Bulandshahar,UTTAR PRADESH,BULANDSHAHAR,9,142.0
UTTAR PRADESH,Mainpuri,UTTAR PRADESH,MAINPURI,9,148.0
UTTAR PRADESH,Muzaffarnagar,UTTAR PRADESH,MUZAFFARNAGAR,9,133.0
Telangana,Nirmal,Telangana,ADILABAD,28,532.0
ANDAMAN & NICOBAR ISLANDS,South Andaman,ANDAMAN & NICOBAR ISLANDS,ANDAMAN,35,640.0
RAJASTHAN,Bhilwara,RAJASTHAN,BHILWARA,8,122.0
ODISHA,Gajapati,ODISHA,GAJAPATI,21,389.0
DELHI UT,OUTER,DELHI UT,NORTH WEST,7,90.0
Telangana,Siddipet Commissionerate,Telangana,MEDAK,28,535.0
WEST BENGAL,PURAB MIDNAPUR,WEST BENGAL,MIDNAPUR,19,344.0
MADHYA PRADESH,Sagar,MADHYA PRADESH,SAGAR,23,427.0
BIHAR,Khagaria,BIHAR,KHAGARIA,10,223.0
JHARKHAND,Ranchi,JHARKHAND,RANCHI,20,364.0
TAMIL NADU,Vellore,TAMIL NADU,VELLORE,33,605.0
MAHARASHTRA,Pune Railway,MAHARASHTRA,PUNE,27,521.0
BIHAR,Lakhisarai,BIHAR,LAKHISARAI,10,227.0
GUJARAT,Dang,GUJARAT,AHWA-DANG,24,489.0
KERALA,Pathanamthitta,KERALA,PATHANAMTHITTA,32,599.0
RAJASTHAN,Pratapgarh,RAJASTHAN,CHITTORGARH,8,126.0
RAJASTHAN,KOTA RURAL,RAJASTHAN,KOTA,8,127.0
JAMMU & KASHMIR,RAMBAN,JAMMU & KASHMIR,DODA,1,16.0
ODISHA,Mayurbhanj,ODISHA,MAYURBHANJ,21,376.0
MADHYA PRADESH,Anuppur,MADHYA PRADESH,SHAHDOL,23,460.0
CHHATTISGARH,BEMETARA,CHHATTISGARH,DURG,22,409.0
MEGHALAYA,Ri-Bhoi,MEGHALAYA,RI-BHOI,17,297.0
PUNJAB,Tarn Taran,PUNJAB,TARN TARAN,3,50.0
BIHAR,Bhojpur,BIHAR,BHOJPUR,10,231.0
CHHATTISGARH,Mahasamund,CHHATTISGARH,MAHASAMUND,22,411.0
ODISHA,Puri,ODISHA,PURI,21,387.0
UTTAR PRADESH,Ballia,UTTAR PRADESH,BALLIA,9,193.0
WEST BENGAL,South 24 Parganas (old),WEST BENGAL,24 PARGANAS SOUTH,19,343.0
Telangana,Jayashankar Bhupalpalli,Telangana,WARANGAL,28,540.0
PUNJAB,CP Jalandhar,PUNJAB,JALANDHAR,3,37.0
WEST BENGAL,Dakshin Dinajpur,WEST BENGAL,DAKSHIN DINAJPUR,19,331.0
UTTAR PRADESH,Kanpur Dehat,UTTAR PRADESH,KANPUR DEHAT,9,163.0
WEST BENGAL,Nadia,WEST BENGAL,NADIA,19,336.0
TAMIL NADU,Dharmapuri,TAMIL NADU,DHARMAPURI,33,630.0
KARNATAKA,Davanagere,KARNATAKA,DAVANAGERE,29,567.0
UTTAR PRADESH,Kasganj,UTTAR PRADESH,ETAH,9,201.0
BIHAR,Muzaffarpur Railway,BIHAR,MUZAFFARPUR,10,216.0
TRIPURA,Dhalai,TRIPURA,DHALAI,16,291.0
TAMIL NADU,Railway Trichy,TAMIL NADU,TRICHY,33,614.0
ANDAMAN & NICOBAR ISLANDS,SOUTH,ANDAMAN & NICOBAR ISLANDS,ANDAMAN,35,640.0
JHARKHAND,Chatra,JHARKHAND,CHATRA,20,347.0
MEGHALAYA,Garo Hills East,MEGHALAYA,GARO HILLS EAST,17,294.0
HARYANA,Kurukshetra,HARYANA,KURUKSHETRA,6,72.0
CHHATTISGARH,NARAYANPUR,CHHATTISGARH,BASTAR,22,414.0
TAMIL NADU,SALEM URBAN,TAMIL NADU,SALEM,33,608.0
RAJASTHAN,Dungarpur,RAJASTHAN,DUNGARPUR,8,124.0
CHHATTISGARH,Jagdalpur,CHHATTISGARH,BASTAR,22,414.0
BIHAR,Katihar,BIHAR,KATIHAR,10,212.0
RAJASTHAN,Sikar,RAJASTHAN,SIKAR,8,111.0
ODISHA,Nayagarh,ODISHA,NAYAGARH,21,385.0
BIHAR,Jamalpur Railway,BIHAR,JAMALPUR RLY.,10,226.0
MAHARASHTRA,NAGPUR COMMR.,MAHARASHTRA,NAGPUR,27,505.0
HARYANA,Ambala,HARYANA,AMBALA,6,70.0
MIZORAM,Kolasib,MIZORAM,KOLASIB,15,282.0
ASSAM,Barpeta,ASSAM,BARPETA,18,303.0
BIHAR,Aurangabad,BIHAR,AURANGABAD,10,235.0
MAHARASHTRA,Sindhudurg,MAHARASHTRA,SINDHUDURG,27,529.0
MAHARASHTRA,Sangli,MAHARASHTRA,SANGLI,27,531.0
MAHARASHTRA,PUNE RLY.,MAHARASHTRA,PUNE,27,521.0
UTTAR PRADESH,Jhansi,UTTAR PRADESH,JHANSI,9,166.0
GUJARAT,Mehsana,GUJARAT,MEHSANA,24,471.0
ARUNACHAL PRADESH,Longding,ARUNACHAL PRADESH,TIRAP,12,254.0
GUJARAT,Bhavnagar,GUJARAT,BHAVNAGAR,24,481.0
WEST BENGAL,Paschim Medinipur,WEST BENGAL,MIDNAPUR,19,344.0
MEGHALAYA,Garo Hills North,MEGHALAYA,GARO HILLS EAST,17,294.0
GUJARAT,Panchmahal,GUJARAT,PANCHMAHAL,24,484.0
UTTAR PRADESH,Lalitpur,UTTAR PRADESH,LALITPUR,9,167.0
UTTAR PRADESH,Prayagraj,UTTAR PRADESH,ALLAHABAD,9,175.0
UTTAR PRADESH,Mathura,UTTAR PRADESH,MATHURA,9,145.0
WEST BENGAL,Asansol-Durgapur PC,WEST BENGAL,ASANSOL,19,335.0
PUNJAB,Fazilka,PUNJAB,FEROZPUR,3,43.0
UTTAR PRADESH,Shahjahanpur,UTTAR PRADESH,SHAHJAHANPUR,9,152.0
ASSAM,Kokrajhar,ASSAM,KOKRAJHAR,18,300.0
JHARKHAND,KHUNTI,JHARKHAND,RANCHI,20,364.0
MADHYA PRADESH,Gwalior,MADHYA PRADESH,GWALIOR,23,421.0
Telangana,Railway Police Secunderabad,Telangana,SECUNDERABAD RLY.,28,536.0
UTTARAKHAND,Almora,UTTARAKHAND,ALMORA,5,64.0
ASSAM,Baska,ASSAM,BAKSA,18,324.0
GUJARAT,Narmada,GUJARAT,NARMADA,24,487.0
ODISHA,Rourkela,ODISHA,ROURKELA,21,374.0
UTTAR PRADESH,Meerut,UTTAR PRADESH,MEERUT,9,138.0
SIKKIM,South,SIKKIM,SOUTH,11,243.0
CHHATTISGARH,Sarguja,CHHATTISGARH,SARGUJA,22,401.0
ARUNACHAL PRADESH,Dibang Valley,ARUNACHAL PRADESH,DIBANG VALLEY,12,257.0
MEGHALAYA,GARO HILLS SOUTH W.,MEGHALAYA,GARO HILLS WEST,17,293.0
JAMMU & KASHMIR,RAILWAYS JAMMU,JAMMU & KASHMIR,JAMMU,1,21.0
MAHARASHTRA,Solapur Rural,MAHARASHTRA,SOLAPUR,27,526.0
JHARKHAND,HAZARIBAGH,JHARKHAND,RAMGARH,20,361.0
RAJASTHAN,Hanumangarh,RAJASTHAN,HANUMANGARH,8,100.0
HARYANA,MEWAT,HARYANA,GURGAON,6,86.0
RAJASTHAN,Jaipur East,RAJASTHAN,JAIPUR,8,110.0
MAHARASHTRA,Mumbai Commr.,MAHARASHTRA,MUMBAI,27,519.0
UTTAR PRADESH,Kaushambi,UTTAR PRADESH,KAUSHAMBI,9,174.0
ARUNACHAL PRADESH,KURUNG KUMEY,ARUNACHAL PRADESH,SUBANSIRI LOWER,12,255.0
ARUNACHAL PRADESH,Papum Pare Rural,ARUNACHAL PRADESH,PAPUM PARE,12,248.0
ARUNACHAL PRADESH,Tirap,ARUNACHAL PRADESH,TIRAP,12,254.0
PUNJAB,Batala,PUNJAB,BATALA,3,35.0
MADHYA PRADESH,Indore Railway,MADHYA PRADESH,INDORE,23,439.0
DELHI UT,North,DELHI UT,NORTH,7,91.0
PUNJAB,Jalandhar Rural,PUNJAB,JALANDHAR,3,37.0
PUNJAB,JALANDHAR RURAL,PUNJAB,JALANDHAR,3,37.0
Telangana,Secunderabad Railway,Telangana,SECUNDERABAD RLY.,28,536.0
UTTARAKHAND,Rudra Prayag,UTTARAKHAND,RUDRA PRAYAG,5,58.0
ODISHA,Sambalpur,ODISHA,SAMBALPUR,21,372.0
JAMMU & KASHMIR,Kargil,JAMMU & KASHMIR,KARGIL,1,4.0
BIHAR,Siwan,BIHAR,SIWAN,10,218.0
MEGHALAYA,Jaintia Hills West,MEGHALAYA,JAINTIA HILLS,17,299.0
RAJASTHAN,Karauli,RAJASTHAN,KARAULI,8,107.0
JAMMU & KASHMIR,Samba,JAMMU & KASHMIR,JAMMU,1,21.0
UTTAR PRADESH,Khiri,UTTAR PRADESH,KHIRI,9,153.0
UTTAR PRADESH,Shrawasti,UTTAR PRADESH,SHRAWASTI,9,181.0
Telangana,Khammam,Telangana,KHAMMAM,28,541.0
Telangana,Ranga Reddy,Telangana,RANGA REDDY,28,537.0
PUNJAB,CP JALANDHAR,PUNJAB,JALANDHAR,3,37.0
ODISHA,Jharsuguda,ODISHA,JHARSUGUDA,21,371.0
KERALA,TRIVANDRUM COMMR.,KERALA,TRIVANDRUM,32,601.0
UTTAR PRADESH,St.Ravidasnagar,UTTAR PRADESH,ST.RAVIDASNAGAR,9,198.0
GUJARAT,SURAT COMMR.,GUJARAT,SURAT,24,492.0
UTTAR PRADESH,Sambhal,UTTAR PRADESH,MORADABAD,9,135.0
PUNJAB,CP Amritsar,PUNJAB,AMRITSAR,3,49.0
UTTAR PRADESH,Ayodhya,UTTAR PRADESH,FAIZABAD,9,177.0
UTTAR PRADESH,RAMABAI NAGAR,UTTAR PRADESH,KANPUR DEHAT,9,163.0
UTTAR PRADESH,Auraiya,UTTAR PRADESH,AURAIYA,9,162.0
ARUNACHAL PRADESH,Subansiri Lower,ARUNACHAL PRADESH,SUBANSIRI LOWER,12,255.0
CHHATTISGARH,Dhamtari,CHHATTISGARH,DHAMTARI,22,412.0
ASSAM,Haren,ASSAM,KARBI ANGLONG,18,314.0
JHARKHAND,Bokaro,JHARKHAND,BOKARO,20,355.0
BIHAR,Nawadah,BIHAR,NAWADAH,10,237.0
CHHATTISGARH,Gariyaband,CHHATTISGARH,RAIPUR,22,410.0
MAHARASHTRA,Gadchiroli,MAHARASHTRA,GADCHIROLI,27,508.0
NAGALAND,Wokha,NAGALAND,WOKHA,13,264.0
PUDUCHERRY,Karaikal,PUDUCHERRY,PUDUCHERRY,34,635.0
MADHYA PRADESH,Harda,MADHYA PRADESH,HARDA,23,448.0
UTTAR PRADESH,Jaunpur,UTTAR PRADESH,JAUNPUR,9,194.0
TAMIL NADU,Nagapattinam,TAMIL NADU,NAGAPATTINAM,33,618.0
ANDHRA PRADESH,Guntur,ANDHRA PRADESH,GUNTUR,28,548.0
MAHARASHTRA,Solapur Commr.,MAHARASHTRA,SOLAPUR,27,526.0
UTTAR PRADESH,Etawah,UTTAR PRADESH,ETAWAH,9,161.0
MAHARASHTRA,Amravati Commr.,MAHARASHTRA,AMRAVATI,27,503.0
KARNATAKA,Vijayapura,KARNATAKA,BIJAPUR,29,557.0
MAHARASHTRA,Gondia,MAHARASHTRA,GONDIA,27,507.0
RAJASTHAN,JODHPUR WEST,RAJASTHAN,JODHPUR,8,113.0
MADHYA PRADESH,Bhind,MADHYA PRADESH,BHIND,23,420.0
ANDHRA PRADESH,Anantapur,ANDHRA PRADESH,ANANTAPUR,28,553.0
MADHYA PRADESH,Hoshangabad,MADHYA PRADESH,HOSHANGABAD,23,449.0
ODISHA,Kendrapara,ODISHA,KENDRAPARA,21,379.0
MEGHALAYA,GARO HILLS NORTH,MEGHALAYA,GARO HILLS EAST,17,294.0
TAMIL NADU,TRICHY URBAN,TAMIL NADU,TRICHY,33,614.0
UTTAR PRADESH,Ambedkar Nagar,UTTAR PRADESH,AMBEDKAR NAGAR,9,178.0
CHHATTISGARH,Mungali,CHHATTISGARH,BILASPUR,22,406.0
MEGHALAYA,Khasi Hills East,MEGHALAYA,KHASI HILLS EAST,17,298.0
KARNATAKA,Dharwad,KARNATAKA,DHARWAD,29,562.0
TAMIL NADU,THIRUNELVELI RURAL,TAMIL NADU,THIRUNELVELI,33,628.0
HIMACHAL PRADESH,Kangra,HIMACHAL PRADESH,KANGRA,2,24.0
UTTAR PRADESH,Maharajganj,UTTAR PRADESH,MAHARAJGANJ,9,187.0
KARNATAKA,Kodagu,KARNATAKA,KODAGU,29,576.0
GUJARAT,Surat City,GUJARAT,SURAT,24,492.0
MEGHALAYA,Jaintia Hills East,MEGHALAYA,JAINTIA HILLS,17,299.0
BIHAR,Bhabhua,BIHAR,BHABHUA,10,233.0
TAMIL NADU,Ramnathapuram,TAMIL NADU,RAMNATHAPURAM,33,626.0
MAHARASHTRA,NAGPUR RURAL,MAHARASHTRA,NAGPUR,27,505.0
